{
  "format": "slam-live-map-bundle-v1",
  "base_name": "709",
  "map_info": {
    "width": 147,
    "height": 115,
    "resolution": 0.05000000074505806,
    "origin_x": -5.279770660400391,
    "origin_y": -3.0281240463256838,
    "frame_id": "map"
  },
  "render_info": {
    "width_cells": 155,
    "height_cells": 155,
    "resolution": 0.05000000074505806,
    "origin_x": -5.479770663380624,
    "origin_y": -4.028124061226845,
    "pad_left_cells": 4,
    "pad_bottom_cells": 20
  },
  "files": {
    "preview": "preview.png",
    "occupancy": "709.pgm",
    "metadata_yaml": "709.yaml"
  }
}