{
  "POINT": {
    "x": 0.2500403230022361,
    "y": 0.026385635140313512,
    "yaw": 0.0
  }
}