{
  "B": {
    "x": 0.47724048216438575,
    "y": -0.018612895058076263,
    "yaw": -0.03154738554899174
  },
  "D": {
    "x": -0.24854856617167742,
    "y": -1.4359140634484506,
    "yaw": -1.6385914436360387
  },
  "C": {
    "x": -0.8220799947920922,
    "y": -0.8990777802546892,
    "yaw": -1.520068769788384
  }
}