{
  "A": {
    "x": 0.3402536978135708,
    "y": -0.005659346891111621,
    "yaw": 0.0
  }
}